,,,,,,,,,
,date,ransomware_group,country,target_sector,attack_vector,technique,Severity,ioc_ip (opsiyonel),ioc_hash (opsiyonel)
,2026-06-27,Play,United States (US),Gaming,Remote Services,T1021 - Remote Services,8,,
,2026-06-28,Payload,Costa Rica (CR),Medical,Valid Accounts,T1078 - Valid Accounts,9,,
,2026-06-29,Lapsus$,Myanmar (MM),Finance,Valid Accounts,T1078 - Valid Accounts,10,,
,2026-06-30,nova,Australia (AU),Government,Vulnerability Exploitation,T1190 - Exploit Public-Facing Application,9,,
,2026-07-01,Auditteam,Russia (RU),Technology,Supply Chain Compromise,T1195 - Supply Chain Compromise,8,,
,2026-07-02,Krybit,Dominican Republic (DO),Government,Valid Accounts,T1078 - Valid Accounts,9,,
,2026-07-03,Krybit,Peru (PE),Education,Valid Accounts,T1078 - Valid Accounts,7,,
,2026-07-04,Qilin,Canada (CA),Finance,Valid Accounts,T1078 - Valid Accounts,8,,
,2026-07-05,Apt73,Austria (AT),Transportation,Valid Accounts,T1078 - Valid Accounts,10,,
,2026-07-06,Chaos,United States (US),Apparel & Textiles,Valid Accounts,T1078 - Valid Accounts,7,,
,2026-07-07,Cmdorganization,India (IN),Healthcare,Phishing,T1566 - Phishing,9,,
,2026-07-08,Braincipher,United Kingdom (GB),financial services,Phishing,T1566 - Phishing,9,,
,2026-07-09,Qilin,Libya (LY),Banking,Vulnerability Exploitation,T1190 - Exploit Public-Facing Application,10,,
,2026-07-10,Aurora,Germany (DE),Manufacturing,Vulnerability Exploitation,T1133 - External Remote Services,8,,
,2026-07-11,Worldleaks,Brazil (BR),Industrial Manufacturing,Vulnerability Exploitation,T1190 - Exploit Public-Facing Application,8,,
,2026-07-12,Qilin,South Korea (KR),Legal Services,Remote Services,T1021 - Remote Services,9,,
,2026-07-13,Stormous,Italy (IT),E-commerce,Phishing,T1566 - Phishing,8,,
,2026-07-14,Stormous,Italy (IT),E-commerce,Supply Chain Compromise,T1195 - Supply Chain Compromise,8,,
,2026-07-15,Nova,Portugal (PT),Construction,Vulnerability Exploitation,T1190 - Exploit Public-Facing Application,8,,
,2026-07-16,Qilin,Thailand (TH),Hospitality,Remote Services,T1021 - Remote Services,7,,
,2026-07-17,Qilin,Taiwan (TW),Manufacturing,Remote Services,T1021 - Remote Services,8,,
,2026-07-18,Aurora,Netherlands (NL),Civil Engineering & Construction,Remote Services,T1021 - Remote Services,8,,
,2026-07-19,Nova,Belgium (BE),Logistics & Transportation,Vulnerability Exploitation,T1190 - Exploit Public-Facing Application,8,,
,2026-07-20,BlackSuit,Turkey (TR),Education,Malspam,T1566.002 - Spearphishing Link,8,103.149.220.1,
,2026-07-21,LockBit,United States (US),Hospitality,, T1190 - Exploit Public-Facing Application,6,,
,2026-07-22,Qilin,Romania (RO),Energy / Critical Infrastructure,,TA0001 - Initial Access,7,,
,2026-07-23,Akira,Switzerland (CH),Hospitality,VPN w/o MFA, T1133 - External Remote Services,6,,
,2026-07-24,DragonForce,United States (US),Health (Neurology),Phishing,T1566 - Phishing,7,,
,2026-07-25,Everest,United States (US),Data Management / Storage,Stolen Credentials,T1566 - Phishing,3,,
,2026-07-26,Medusa,United States (US),Health (Health Technology),Phishing,T1190 - Exploit Public-Facing Application,6,,
,2026-07-27,Rhysida,United States (US),Public/Tribal Administration,ZeroLogon CVE-2020-1472),T1133 - External Remote Services,7,,
,2026-07-28,INC Ransom,Ivory Coast (CI),Aviation / Transportation,spearphishing,T1190 - Exploit Public-Facing Application,6,,
,2026-07-29,Lynx,Canada (CA),Health / Public Sector,Open RDP,T1566 - Phishing,5,,
,2026-07-30,Play (PlayCrypt),United States (US),Real Estate / Title Deed - Finance,Exchange ProxyNotShell,T1190 - Exploit Public-Facing Application,5,,
,2026-07-31,BianLian,United States (US),Healthcare,Valid RDP Credentials,T1133 - External Remote Services,5,,
,2026-08-01,Interlock,United States (US),Health (Dental Health),Social Engineering, T1189 - Drive-by Compromise,5,,
,2026-08-02,Nitrogen,Taiwan (TW),Manufacturing / Electronics (OEM),Malvertising,"TA0001 - Initial Access, T1189 - Drive-by Compromise, T1204 - User Execution, T1567 - Exfiltration Over Web Service, T1486 - Data Encrypted for Impact",8,C2 alan adi: update.sys-check[.]online ve anydesk-update-app[.]com (IP yayimlanmadi); Cobalt Strike beacon TCP/443,
,2026-08-03,The Gentlemen,Taiwan (TW),Accommodation / Tourism,-,T1190 - Exploit Public-Facing Application,4,,
,2026-08-04,Warlock,United States (US),Technology / Software (IT),Unpatched SmarterMail Exploit,T1210 - Exploitation of Remote Services,6,,
,2026-08-05,RansomHouse,United States (US),Cybersecurity / Software,Data Exfiltration,T1190 - Exploit Public-Facing Application,6,,
,2026-08-06,ShinyHunters,United States (US),Educational Technology (EdTech),Vishing,T1566.004 - Spearphishing Voice,8,,
,2026-08-07,Sinobi,United States (US),Health (Dental Health),-,T1567 - Exfiltration Over Web Service,5,,
,2026-08-08,Kairos,Australia (AU),Accommodation / Tourism,-,T1190 - Exploit Public-Facing Application,4,,
,2026-08-09,Qilin,Germany (DE),Public / Political Party,Spearphishing,T1190 - Exploit Public-Facing Application,6,194.165.16.13,e90bdaaf5f9ca900133b699f18e4062562148169b29cb4eb37a0577388c22527
,2026-08-10,Qilin,Italy (IT),Manufacturing / Industry,RMM Exploit + Stolen Credentials,T1190 - Exploit Public-Facing Application,4,93.115.25.139,
,2026-08-11,Qilin,United States (US),Public/Social Housing,Stolen Credentials,T1078 - Valid Accounts,6,,
,2026-08-12,Qilin,Japan (JP),Agriculture / Seed Production,Stolen Credentials,T1566 - Phishing,4,,
,2026-08-13,Interlock,North America,Network Security / Enterprise IT,CVE-2026-20131,T1190 - Exploit Public-Facing Application,7,"172.86.68.64, 23.227.203.123, 77.42.75.119 ",4b036cc9930bb42454172f888b8fde1087797fc0c9d31ab546748bd2496bd3e5
,2026-08-14,SafePay,Germany (DE),Transportation / Logistics,Valid Accounts,T1078 - Valid Accounts,8,,
,2026-08-15,DragonForce,United States (US),Technology,Valid Accounts,T1078 - Valid Accounts,10,,
,2026-08-16,Settra,United States (US),Manufacturing,Vulnerability Exploitation,T1190 - Exploit Public-Facing Application,9,,
,2026-08-17,Icarus,United States (US),Technology,Supply Chain Compromise,T1195 - Supply Chain Compromise,8,,
,2026-08-18,Eraleign (Apt73),United Kingdom (GB),Financial Services,Phishing,T1566 - Phishing,5,,
,2026-08-19,Redact,United States (US),Technology,Valid Accounts,T1078 - Valid Accounts,7,,
,2026-08-20,Prinz Eugen,South Africa (ZA),Financial Services,Remote Services,T1021 - Remote Services,8,,
,2026-08-21,Morpheus,United States (US),Legal Services,Vulnerability Exploitation,T1190 - Exploit Public-Facing Application,8,,
,2026-08-22,3am,United States (US),Government,Phishing,T1566 - Phishing,7,,
,2026-08-23,Insomnia,United States (US),Healthcare,Valid Accounts,T1078 - Valid Accounts,7,,
,2026-08-24,Audit Team,Russia (RU),Technology,Supply Chain Compromise,T1195 - Supply Chain Compromise,6,,
,2026-08-25,Anubis,United States (US),Healthcare,Phishing,T1566 - Phishing,7,,
,2026-08-26,Space Bears,Spain (ES),Professional Services,Vulnerability Exploitation,T1190 - Exploit Public-Facing Application,7,,
,2026-08-27,Leaknet,United States (US),Energy,Vulnerability Exploitation,T1190 - Exploit Public-Facing Application,7,,
,2026-08-28,Payoutsking,United States (US),Manufacturing,Valid Accounts,T1078 - Valid Accounts,7,,
,2026-08-29,Bravox,United States (US),Healthcare,Valid Accounts,T1078 - Valid Accounts,8,,
,2026-08-30,Ailock,United Kingdom (GB),Technology,Vulnerability Exploitation,T1190 - Exploit Public-Facing Application,7,,
,2026-08-31,Brain Cipher,United States (US),Financial Services,Vulnerability Exploitation,T1190 - Exploit Public-Facing Application,8,,
,2026-09-01,Ransomhouse,United States (US),Technology,Valid Accounts,T1078 - Valid Accounts,6,,
,2026-09-02,Nightspire,United States (US),Government,Valid Accounts,T1078 - Valid Accounts,7,,
,2026-09-03,Shinyhunters,United States (US),Education,Social Engineering,T1566.004 - Spearphishing Voice,9,,
,2026-09-04,The Gentlemen,United States (US),Professional Services,Phishing,T1566 - Phishing,9,,
,2026-09-05,Wallstreet,France (FR),Financial Services,Valid Accounts,T1078 - Valid Accounts,6,,
,2026-09-06,Interlock,United States (US),Healthcare,Vulnerability Exploitation,T1190 - Exploit Public-Facing Application,8,,
,2026-09-07,Space Bears,Switzerland (CH),Manufacturing,Phishing,T1566 - Phishing,7,,
,2026-09-08,CipherForce,Philippines (PH),Technology,Vulnerability Exploitation,T1190 - Exploit Public-Facing Application,7,,
,2026-09-09,Qilin,United States (US),Manufacturing,Remote Services,T1021 - Remote Services,9,,
,2026-09-10,CMD,South Africa (ZA),Security and Investigations,Valid Accounts,T1078 - Valid Accounts,8,,
,2026-09-11,Doommageddon,Brazil (BR),Real Estate,Phishing,T1566 - Phishing,6,,
,2026-09-12,SafePay,Germany (DE),"Transportation, Logistics, Supply Chain and Storage",Remote Services,T1021 - Remote Services,8,,
,2026-09-13,Play,United States (US),Gaming and Amusements,Remote Services,T1021 - Remote Services,8,,
,2026-09-14,Play,United States (US),Trucking and Transportation,Remote Services,T1021 - Remote Services,8,,
,2026-09-15,REDACT,United States (US),Medical Technology,Valid Accounts,T1078 - Valid Accounts,9,,
,2026-09-16,REDACT,United States (US),Insurance,Valid Accounts,T1078 - Valid Accounts,8,,
,2026-09-17,3AM,United States (US),Education,Phishing,T1566 - Phishing,7,,
,2026-09-18,The Gentlemen,United States (US),Legal Services,Phishing,T1566 - Phishing,7,,
,2026-09-19,DragonForce,United States (US),Software Development,Supply Chain Compromise,T1195 - Supply Chain Compromise,9,,
,2026-09-20,Prinz Eugen,United States (US),Driver Education,Phishing,T1566 - Phishing,6,,
,2026-09-21,The Gentlemen,Germany (DE),Defense Technology,Vulnerability Exploitation,T1190 - Exploit Public-Facing Application,9,,
,2026-09-22,Interlock,Canada (CA),Healthcare,Valid Accounts,T1078 - Valid Accounts,9,,
,2026-09-23,Krybit,Dominican Republic (DO),Government / Law Enforcement,Valid Accounts,T1078 - Valid Accounts,9,,
,2026-09-24,Booba,United States (US),Foodservice / Supply Chain,Supply Chain Compromise,T1195 - Supply Chain Compromise,8,,
,2026-09-25,Booba,Spain (ES),Construction and Engineering,Vulnerability Exploitation,T1190 - Exploit Public-Facing Application,8,,
,2026-09-26,Nightspire,Paraguay (PY),Manufacturing / Consumer Goods,Valid Accounts,T1078 - Valid Accounts,8,,
,2026-09-27,INC Ransom,India (IN),Agricultural Technology,Phishing,T1566 - Phishing,8,,
,2026-09-28,Akira,United States (US),Industrial Manufacturing,Vulnerability Exploitation,T1190 - Exploit Public-Facing Application,8,,
,2026-09-29,INC Ransom,United States (US),Nonprofit / Social Services,Phishing,T1566 - Phishing,7,,
,2026-09-30,Leaknet,United States (US),Insurance / Healthcare Liability,Valid Accounts,T1078 - Valid Accounts,8,,
,2026-10-01,Anubis,Germany (DE),Estate Management / Legal Services,Phishing,T1566 - Phishing,6,,
,2026-10-02,Prinz Eugen,United States (US),Driver Education,Phishing,T1566 - Phishing,6,,
,2026-10-03,Akira,United States (US),Industrial Engineering,Vulnerability Exploitation,T1190 - Exploit Public-Facing Application,8,,
,2026-10-04,Chaos,United States (US),Construction,Valid Accounts,T1078 - Valid Accounts,7,,
,2026-10-05,Booba,United States (US),Telecommunications Manufacturing,Vulnerability Exploitation,T1190 - Exploit Public-Facing Application,8,,
,2026-10-06,The Gentlemen,Kuwait (KW),Diversified Business Group,Valid Accounts,T1078 - Valid Accounts,8,,
,2026-10-07,Nova,Unknown,Information Management / Technology,Supply Chain Compromise,T1195 - Supply Chain Compromise,8,,
,2026-10-08,The Gentlemen,France (FR),Retail / Outdoor Equipment,Phishing,T1566 - Phishing,7,,
,2026-10-09,The Gentlemen,Czech Republic (CZ),Real Estate,Phishing,T1566 - Phishing,6,,
,2026-10-10,The Gentlemen,United States (US),Commercial Hardware,Valid Accounts,T1078 - Valid Accounts,7,,
,2026-10-11,The Gentlemen,United States (US),Construction / Building Materials,Vulnerability Exploitation,T1190 - Exploit Public-Facing Application,8,,
,2026-10-12,Qilin,Canada (CA),Retail / Pawn Services,Valid Accounts,T1078 - Valid Accounts,7,,
,2026-10-13,Morpheus,United States (US),Legal Services,Phishing,T1566 - Phishing,7,,
,2026-10-14,The Gentlemen,Austria (AT),Electrical Engineering / IT,Vulnerability Exploitation,T1190 - Exploit Public-Facing Application,8,,
,2026-10-15,INC Ransom,United States (US),Healthcare / Eye Care,Valid Accounts,T1078 - Valid Accounts,9,,
,2026-10-16,Audit Team,Russia (RU),Information Technology,Supply Chain Compromise,T1195 - Supply Chain Compromise,8,,
,2026-10-17,Stormous,Italy (IT),E-commerce / Retail,Phishing,T1566 - Phishing,7,,
,2026-10-18,Qilin,Greece (GR),Consumer Healthcare,Phishing,T1566 - Phishing,8,,
,2026-10-19,Akira,United States (US),Logistics / Supply Chain,Remote Services,T1021 - Remote Services,8,,
,2026-10-20,Stormous,Italy (IT),Apparel / Menswear E-Commerce,Phishing,T1566 - Phishing,7,,
,2026-10-21,The Gentlemen,Laos (LA),Mining,Vulnerability Exploitation,T1190 - Exploit Public-Facing Application,8,,
,2026-10-22,Stormous,Italy (IT),Apparel Manufacturing,Supply Chain Compromise,T1195 - Supply Chain Compromise,8,,
,2026-10-23,The Gentlemen,Italy (IT),Precision Engineering / Manufacturing,Vulnerability Exploitation,T1190 - Exploit Public-Facing Application,8,,
,2026-10-24,Akira,United States (US),Manufacturing / Engineering,Vulnerability Exploitation,T1190 - Exploit Public-Facing Application,8,,
,2026-10-25,Stormous,Italy (IT),Luxury Apparel / Knitwear,Phishing,T1566 - Phishing,7,,
,2026-10-26,Anubis,United States (US),Healthcare Services,Valid Accounts,T1078 - Valid Accounts,9,,
,2026-10-27,The Gentlemen,Germany (DE),Performing Arts / Municipal Culture,Phishing,T1566 - Phishing,6,,
,2026-10-28,CMD,Canada (CA),Commercial Refrigeration Services,Remote Services,T1021 - Remote Services,7,,
,2026-10-29,Nova,Belgium (BE),Logistics / Freight Forwarding,Remote Services,T1021 - Remote Services,8,,
,2026-10-30,Bashe,Austria (AT),Airport / Transportation,Vulnerability Exploitation,T1190 - Exploit Public-Facing Application,9,,
,2026-10-31,Akira,United States (US),Manufacturing / Distribution,Supply Chain Compromise,T1195 - Supply Chain Compromise,8,,
,2026-11-01,Nova,Portugal (PT),Engineering / Industrial Services,Vulnerability Exploitation,T1190 - Exploit Public-Facing Application,8,,
,2026-11-02,The Gentlemen,United States (US),Civil Infrastructure / Excavation,Remote Services,T1021 - Remote Services,8,,